{
    "LEBB": [
        -15.386585583333332,
        -1.95325225
    ],
    "LEVT": [
        -16.572488472222222,
        -2.1669329166666667
    ],
    "LEMD": [
        -2.9562558611111114,
        -0.6173669722222223
    ]
}