{
    "GCLP": [
        -15.386585583333332,
        -1.95325225
    ],
    "GCTS": [
        -16.572488472222222,
        -2.1669329166666667
    ],
    "GCLA": [
        -2.9562558611111114,
        -0.6173669722222223
    ],
    "GCXO": [
        -0.4738888888888889,
        -0.2627777777777778
    ],
    "GCRR": [
        -3.785140388888889,
        -0.7629181666666667
    ],
    "GCLB": [
        -4.499207055555556,
        -0.9658737222222222
    ],
    "GCFV": [
        -2.9100755555555553,
        -0.5378533333333333
    ],
    "GCHI": [
        -3.7237329722222223,
        -0.6570663055555556
    ],
    "GCGM": [
        -7.087777777777777,
        -1.31
    ]
}